fibo_number,t_threads,t_process
25,0.11302740000246558,0.36843299999600276
30,1.2466539000015473,0.5510299000015948
35,13.11175739999453,3.9938356000056956
40,145.29195480000635,43.58243840000068
