fibo_number,t_threads,t_process
45,2865.0176909,0.40308899999945424
5,0.006460300006438047,0.2490847000008216
5,0.003045599994948134,0.26990959999966435
